Date,vixo,vixh,vixl,vix,vxno,vxnh,vxnl,vxn
2021-07-01,15.62,16.01,15.31,15.48,20.12,20.18,19.73,20.07
2021-07-02,15.53,15.54,14.25,15.07,19.59,19.59,18.73,19.28
2021-07-06,15.77,17.94,15.73,16.44,20.38,21.87,20.28,21.00
2021-07-07,16.43,17.64,16.08,16.20,21.00,22.94,20.53,21.11
2021-07-08,17.74,21.29,17.74,19.00,21.10,24.00,21.10,23.60
2021-07-09,17.88,18.13,16.08,16.18,22.43,22.43,21.13,21.23
2021-07-12,16.85,17.52,16.14,16.17,20.56,20.68,19.17,19.68
2021-07-13,16.39,17.23,15.94,17.12,20.19,21.11,19.38,20.87
2021-07-14,17.34,17.51,15.95,16.33,20.34,20.75,19.52,19.99
2021-07-15,16.70,18.09,16.56,17.01,19.99,21.33,19.81,20.11
2021-07-16,16.80,18.70,16.03,18.45,19.50,21.14,19.48,21.06
2021-07-19,19.61,25.09,19.27,22.50,23.95,25.10,22.97,23.44
2021-07-20,20.89,22.97,19.37,19.73,23.40,23.94,21.37,21.68
2021-07-21,19.73,19.82,17.81,17.91,21.35,21.42,20.20,20.40
2021-07-22,17.59,18.45,17.40,17.69,20.40,20.73,19.75,19.78
2021-07-23,16.98,17.48,16.33,17.20,19.88,19.91,18.77,19.06
2021-07-25,,,,,,,,
2021-07-26,18.67,19.39,17.53,17.58,20.62,20.89,19.92,20.37
2021-07-27,18.62,20.44,18.25,19.36,21.05,23.85,20.74,22.84
2021-07-28,19.41,19.62,17.52,18.31,21.94,22.65,20.45,20.96
2021-07-29,17.91,18.01,17.19,17.70,20.54,20.66,20.03,20.55
2021-07-30,19.69,19.72,17.53,18.24,20.55,21.54,20.55,20.81
2021-08-02,18.16,19.87,17.99,19.46,21.08,21.87,20.81,21.49
2021-08-03,19.17,20.44,17.70,18.04,21.49,22.37,20.39,20.52
2021-08-04,18.23,18.90,17.67,17.97,20.52,21.31,20.36,20.68
2021-08-05,17.73,17.84,17.23,17.28,20.68,20.81,20.00,20.19
2021-08-06,17.46,17.50,16.14,16.15,20.18,20.20,19.41,19.61
2021-08-09,17.12,17.39,16.59,16.72,20.32,20.74,19.27,19.69
2021-08-10,16.82,17.05,16.34,16.79,19.55,20.78,19.26,20.38
2021-08-11,16.81,17.09,15.87,16.06,20.38,20.47,19.19,20.45
2021-08-12,16.33,16.42,15.49,15.59,20.45,20.90,19.34,19.40
2021-08-13,15.68,15.72,15.19,15.45,19.39,19.49,18.41,18.52
2021-08-16,17.05,17.71,16.02,16.12,19.49,20.55,18.91,19.05
2021-08-17,17.31,19.56,16.71,17.91,20.76,22.59,20.06,21.17
2021-08-18,17.56,21.64,17.31,21.57,21.17,24.40,20.95,24.35
2021-08-19,23.12,24.74,20.37,21.67,25.33,25.36,22.93,23.52
2021-08-20,22.74,23.90,18.18,18.56,23.52,23.59,20.54,20.97
2021-08-23,18.83,18.95,16.95,17.15,21.35,21.35,19.68,19.80
2021-08-24,16.96,17.51,16.94,17.22,19.80,20.27,19.54,19.86
2021-08-25,17.42,17.50,16.46,16.79,19.87,20.13,19.42,19.60
2021-08-26,17.46,19.27,17.16,18.84,19.69,21.54,19.69,21.37
2021-08-27,17.95,18.22,16.11,16.39,21.36,21.36,18.49,18.54
2021-08-30,16.77,16.80,15.98,16.19,19.09,19.33,18.69,19.08
2021-08-31,15.98,17.07,15.91,16.48,19.08,19.97,19.03,19.48
2021-09-01,16.06,16.71,15.68,16.11,19.48,20.10,19.10,19.84
2021-09-02,16.27,16.98,15.73,16.41,19.82,20.53,19.59,20.03
2021-09-03,16.27,17.06,16.08,16.41,19.90,20.47,19.47,19.75
2021-09-07,16.94,18.39,16.89,18.14,19.80,21.31,19.80,20.96
2021-09-08,18.97,19.64,17.78,17.96,20.96,22.11,20.63,20.81
2021-09-09,19.44,19.54,17.17,18.80,20.68,21.54,20.10,21.45
2021-09-10,17.94,21.13,16.99,20.95,21.45,23.28,19.76,22.75
2021-09-13,19.64,21.18,18.76,19.37,21.40,23.17,21.03,21.60
2021-09-14,19.58,20.47,18.39,19.46,21.60,22.66,20.38,21.68
2021-09-15,19.30,20.27,18.01,18.18,21.68,22.53,19.88,20.12
2021-09-16,18.41,19.76,17.65,18.69,20.12,21.86,19.66,20.17
2021-09-17,18.37,21.51,18.35,20.81,20.20,22.69,20.20,22.27
2021-09-20,24.25,28.79,23.90,25.71,26.53,30.24,24.71,27.23
2021-09-21,23.41,25.60,21.71,24.36,27.23,27.44,24.53,26.42
2021-09-22,22.72,23.40,20.75,20.87,26.39,26.39,22.56,22.97
2021-09-23,19.91,20.21,18.42,18.63,23.02,23.02,21.05,21.22
2021-09-24,19.33,20.41,17.63,17.75,21.22,22.85,20.17,20.93
2021-09-27,17.78,19.32,17.74,18.76,22.69,23.56,21.26,21.83
2021-09-28,19.74,24.82,19.71,23.25,21.83,27.45,21.83,27.35
2021-09-29,22.07,23.79,21.45,22.56,27.26,27.59,25.35,26.71
2021-09-30,21.48,24.71,20.60,23.14,26.70,27.91,25.10,26.65
2021-10-01,24.78,24.89,20.64,21.15,26.56,27.17,24.30,24.84
2021-10-04,22.90,24.58,21.88,22.96,24.83,28.83,24.83,27.72
2021-10-05,22.92,23.17,20.62,21.30,27.72,27.72,24.92,25.45
2021-10-06,22.95,24.40,20.99,21.00,25.46,28.05,24.70,24.87
2021-10-07,20.54,20.76,19.07,19.54,24.87,24.87,22.88,23.22
2021-10-08,19.46,19.94,18.20,18.77,23.22,23.59,22.59,23.16
2021-10-11,19.93,20.45,18.11,20.00,23.71,23.83,21.51,23.49
2021-10-12,20.62,20.81,18.97,19.85,23.49,23.90,22.28,23.41
2021-10-13,20.14,20.23,18.44,18.64,23.39,23.39,21.08,21.23
2021-10-14,18.01,18.08,16.80,16.86,21.23,21.23,18.84,19.09
2021-10-15,16.64,16.85,15.72,16.30,19.08,19.24,18.01,18.51
2021-10-18,17.29,17.93,16.27,16.31,18.50,20.34,18.50,18.83
2021-10-19,16.09,16.31,15.57,15.70,18.83,19.02,18.21,18.31
2021-10-20,15.82,15.89,15.29,15.49,18.31,18.81,18.05,18.73
2021-10-21,16.06,16.11,14.92,15.01,18.74,19.36,18.30,18.63
2021-10-22,15.35,16.39,14.84,15.43,18.67,19.70,18.12,19.12
2021-10-25,16.14,16.33,15.10,15.24,19.67,20.30,18.43,18.80
2021-10-26,15.02,16.71,14.90,15.98,18.80,20.05,18.46,19.38
2021-10-27,15.79,17.29,15.54,16.98,19.36,20.27,19.05,20.12
2021-10-28,17.06,17.16,16.23,16.53,20.11,20.14,19.21,19.75
2021-10-29,17.40,18.06,16.13,16.26,19.75,20.61,19.47,19.64
2021-11-01,16.85,17.70,16.32,16.41,20.46,20.94,19.61,19.73
2021-11-02,16.54,16.65,15.89,16.03,19.73,20.00,19.54,19.73
2021-11-03,16.11,16.39,14.90,15.10,19.72,20.33,19.04,19.43
2021-11-04,15.06,16.14,14.73,15.44,19.40,20.55,19.00,20.26
2021-11-05,15.59,17.02,14.95,16.48,20.26,21.85,20.26,21.57
2021-11-08,17.23,17.69,16.44,17.22,21.95,22.32,21.61,21.88
2021-11-09,17.43,18.57,17.21,17.78,21.88,23.28,21.72,22.69
2021-11-10,17.74,19.90,17.22,18.73,22.69,24.22,22.03,23.27
2021-11-11,18.34,18.39,17.27,17.66,23.26,23.26,21.87,22.37
2021-11-12,17.49,17.69,16.15,16.29,22.38,22.46,21.32,21.42
2021-11-15,17.03,17.46,16.49,16.49,21.74,22.76,21.57,21.71
2021-11-16,16.86,17.08,16.03,16.37,21.71,22.11,20.74,21.28
2021-11-17,16.36,17.19,16.28,17.11,21.28,21.87,20.87,21.56
2021-11-18,16.81,18.15,16.38,17.59,21.57,22.30,21.09,21.39
2021-11-19,17.36,19.01,17.23,17.91,21.39,22.10,21.01,21.75
2021-11-22,18.20,19.59,17.35,19.17,21.98,23.88,21.61,23.50
2021-11-23,20.24,20.91,19.03,19.38,23.50,26.06,23.50,24.43
2021-11-24,19.17,20.96,18.52,18.58,24.43,26.23,23.64,23.82
2021-11-26,26.62,28.99,23.88,28.62,23.82,29.47,23.82,28.45
2021-11-29,25.31,25.69,21.71,22.96,25.74,26.82,24.37,24.63
2021-11-30,26.23,28.56,23.71,27.19,24.63,28.97,24.63,27.39
2021-12-01,24.92,32.61,22.38,31.12,27.41,31.78,24.64,30.95
2021-12-02,29.44,30.68,27.15,27.95,30.96,31.94,28.86,29.78
2021-12-03,26.95,35.32,25.89,30.67,29.81,36.64,28.25,33.41
2021-12-06,28.99,30.82,26.75,27.18,32.49,34.82,30.06,30.17
2021-12-07,24.58,24.69,21.58,21.89,30.17,30.17,25.46,25.79
2021-12-08,21.74,23.11,19.85,19.90,25.80,26.44,24.52,24.82
2021-12-09,20.31,22.12,19.94,21.58,24.81,26.70,24.71,26.42
2021-12-10,21.27,21.30,18.69,18.69,26.40,26.40,23.94,23.95
2021-12-13,19.29,21.18,18.96,20.31,23.01,24.37,22.84,24.04
2021-12-14,19.67,23.00,19.67,21.89,24.04,27.29,24.04,25.31
2021-12-15,21.60,23.47,19.02,19.29,25.31,27.80,23.19,23.42
2021-12-16,18.56,22.13,18.19,20.57,23.40,27.43,23.11,25.24
2021-12-17,20.70,23.26,20.49,21.57,25.24,28.25,25.17,26.55
2021-12-20,25.89,27.39,22.85,22.87,26.61,31.04,26.61,27.88
2021-12-21,22.28,22.68,20.90,21.01,27.88,27.96,24.92,24.96
2021-12-22,21.04,21.36,18.59,18.63,24.96,25.24,22.15,22.15
2021-12-23,18.81,18.93,17.62,17.96,22.16,22.43,20.92,21.32
2021-12-24,,,,,21.32,21.32,21.32,21.32
2021-12-27,19.37,19.41,17.55,17.68,22.13,22.84,21.57,21.72
2021-12-28,17.78,18.47,17.51,17.54,21.72,22.47,21.51,21.54
2021-12-29,17.63,18.00,16.71,16.95,21.55,22.60,21.10,21.28
2021-12-30,17.30,17.79,16.62,17.33,21.27,21.77,20.98,21.38
2021-12-31,17.63,18.27,16.99,17.22,21.38,21.83,21.03,21.20
2022-01-03,17.60,18.54,16.56,16.60,21.20,22.37,20.96,21.17
2022-01-04,16.57,17.81,16.34,16.91,21.18,23.39,21.18,22.32
2022-01-05,17.07,20.17,16.58,19.73,22.33,26.56,22.33,25.98
2022-01-06,20.29,21.06,19.08,19.61,25.95,28.37,25.52,25.81
2022-01-07,19.85,20.80,18.57,18.76,25.83,27.71,25.14,25.65
2022-01-10,19.58,23.33,19.29,19.40,28.20,30.49,25.49,25.83
2022-01-11,19.62,21.00,18.20,18.41,25.83,27.23,23.94,24.28
2022-01-12,18.17,18.69,17.36,17.62,24.29,24.94,23.13,23.44
2022-01-13,18.06,20.61,17.45,20.31,23.48,27.42,22.98,27.05
2022-01-14,20.11,22.07,19.05,19.19,27.05,28.34,25.31,25.72
2022-01-18,21.18,23.20,21.18,22.79,28.76,30.03,28.17,29.36
2022-01-19,23.12,23.99,21.85,23.85,29.36,29.73,27.60,29.02
2022-01-20,23.46,25.89,21.68,25.59,29.05,30.62,26.96,30.61
2022-01-21,25.38,29.79,25.31,28.85,30.57,34.68,29.73,34.06
2022-01-24,28.20,38.94,28.02,29.90,38.14,44.05,35.13,35.55
2022-01-25,32.29,35.85,29.13,31.16,35.55,41.39,35.54,38.20
2022-01-26,29.35,33.04,26.90,31.96,38.27,39.01,33.54,38.10
2022-01-27,32.19,33.00,28.42,30.49,38.11,38.15,34.64,36.64
2022-01-28,30.27,32.82,27.28,27.66,36.67,38.14,32.47,33.31
2022-01-31,28.36,29.41,24.71,24.83,33.29,34.38,29.85,30.16
2022-02-01,24.57,25.33,21.96,21.96,30.16,31.09,27.70,28.00
2022-02-02,21.56,22.73,20.46,22.09,27.98,29.78,27.27,29.58
2022-02-03,22.63,25.81,22.30,24.35,29.46,33.55,29.46,31.24
2022-02-04,23.77,26.26,22.07,23.22,31.26,33.05,29.30,30.32
2022-02-07,24.09,24.82,22.02,22.86,31.31,31.33,29.01,30.02
2022-02-08,23.09,23.48,21.32,21.44,30.02,31.35,28.22,28.33
2022-02-09,21.27,21.30,19.93,19.96,28.36,28.36,26.62,26.87
2022-02-10,20.37,24.77,20.18,23.91,26.87,30.74,26.84,30.07
2022-02-11,24.39,30.99,23.33,27.36,30.05,36.35,29.53,34.16
2022-02-14,29.17,32.04,28.33,28.33,34.90,36.64,33.32,34.07
2022-02-15,28.09,28.09,25.33,25.70,34.07,34.07,30.82,31.16
2022-02-16,25.19,27.09,23.88,24.29,31.16,32.76,29.15,29.45
2022-02-17,24.83,28.37,24.76,28.11,29.45,33.50,29.45,33.21
2022-02-18,26.66,29.71,26.38,27.75,33.15,34.83,32.05,33.05
2022-02-22,31.80,32.04,28.40,28.81,33.05,35.45,32.85,33.13
2022-02-23,28.04,31.07,27.20,31.02,33.13,35.49,32.01,35.27
2022-02-24,37.50,37.79,29.45,30.32,35.27,39.99,33.15,34.02
2022-02-25,31.68,32.00,26.93,27.59,34.05,34.37,30.75,31.19
2022-02-28,32.44,33.51,28.43,30.15,34.30,35.14,31.76,32.72
2022-03-01,29.45,35.19,29.44,33.32,32.72,36.77,32.72,35.22
2022-03-02,34.20,34.41,30.12,30.74,35.27,35.71,32.32,33.05
2022-03-03,30.52,32.01,29.31,30.48,33.02,34.76,32.31,33.34
2022-03-04,31.90,34.65,31.47,31.98,33.33,37.26,33.33,34.89
2022-03-07,35.88,36.55,32.59,36.45,34.89,38.80,34.88,38.73
2022-03-08,36.19,37.52,32.78,35.13,38.70,39.62,35.56,38.02
2022-03-09,33.74,34.12,31.39,32.45,38.07,38.07,34.60,35.34
2022-03-10,33.03,34.03,30.23,30.23,35.33,36.73,34.23,34.23
2022-03-11,30.43,31.04,28.84,30.75,34.22,35.05,33.17,34.85
2022-03-14,31.03,33.18,30.06,31.77,35.83,37.70,34.67,36.55
2022-03-15,33.13,33.83,29.57,29.83,36.55,37.03,34.53,34.65
2022-03-16,29.02,29.80,26.29,26.67,34.68,34.68,30.63,30.81
2022-03-17,26.51,27.47,25.25,25.67,30.81,31.64,28.95,29.51
2022-03-18,26.36,26.82,23.85,23.87,29.44,30.21,27.46,27.76
2022-03-21,25.14,25.36,22.99,23.53,28.97,29.96,28.22,28.66
2022-03-22,24.02,24.02,22.70,22.94,28.66,28.87,27.42,27.71
2022-03-23,23.04,24.03,22.64,23.57,27.72,29.26,27.72,28.84
2022-03-24,23.61,23.79,21.49,21.67,28.83,29.47,27.62,27.89
2022-03-25,21.87,22.86,20.80,20.81,27.90,29.40,27.00,27.34
2022-03-28,22.14,23.33,19.54,19.63,28.26,28.67,26.53,26.53
2022-03-29,19.70,19.73,18.67,18.90,26.53,26.92,25.52,25.87
2022-03-30,19.38,20.51,18.72,19.33,25.87,27.33,25.81,26.40
2022-03-31,19.68,21.48,19.54,20.56,26.38,27.54,26.24,26.99
2022-04-01,20.62,20.86,19.41,19.63,26.96,27.32,25.74,25.91
2022-04-04,20.75,20.78,18.45,18.57,26.63,26.75,24.83,24.93
2022-04-05,18.79,21.57,18.55,21.03,24.93,27.80,24.93,27.40
2022-04-06,21.27,24.78,21.24,22.10,27.41,30.76,27.41,28.91
2022-04-07,21.97,23.82,21.12,21.55,28.92,30.33,28.06,28.48
2022-04-08,21.25,22.34,20.28,21.16,28.49,29.91,27.39,28.06
2022-04-11,23.09,24.42,22.09,24.37,29.38,30.85,28.84,30.75
2022-04-12,24.94,25.38,22.27,24.26,30.75,31.07,28.28,30.38
2022-04-13,23.52,24.45,21.37,21.82,30.37,30.75,26.52,26.85
2022-04-14,21.72,22.70,20.85,22.70,26.86,28.97,26.26,28.86
2022-04-18,24.52,24.60,21.98,22.17,30.47,30.91,29.16,29.53
2022-04-19,22.55,22.92,20.36,21.37,29.53,30.50,27.82,29.10
2022-04-20,21.13,21.32,19.75,20.32,29.12,29.82,28.03,28.47
2022-04-21,20.24,23.28,19.81,22.68,28.52,31.92,27.57,31.37
2022-04-22,22.71,28.27,22.62,28.21,31.35,35.43,31.35,35.39
2022-04-25,30.04,31.60,26.80,27.02,36.68,37.52,33.54,33.83
2022-04-26,27.38,33.81,27.06,33.52,33.83,40.00,33.83,38.93
2022-04-27,31.11,32.77,29.82,31.60,39.17,39.17,35.76,36.91
2022-04-28,29.91,32.00,28.00,29.99,36.91,37.42,34.11,35.49
2022-04-29,28.97,34.34,28.54,33.40,35.26,39.45,34.10,38.25
2022-05-02,33.35,36.64,31.74,32.34,39.57,40.81,37.56,37.81
2022-05-03,31.76,32.82,29.06,29.25,37.81,38.29,35.76,36.00
2022-05-04,29.12,29.42,24.94,25.42,35.99,36.83,31.62,31.98
2022-05-05,25.97,33.20,25.78,31.20,32.00,39.20,32.00,37.19
2022-05-06,32.23,35.34,29.83,30.19,37.21,41.01,36.41,37.40
2022-05-09,31.90,35.48,31.90,34.75,40.15,41.91,39.24,41.43
2022-05-10,33.66,34.84,32.24,32.99,41.43,41.91,38.93,40.08
2022-05-11,32.87,34.39,30.69,32.56,40.10,41.64,38.02,40.67
2022-05-12,33.74,34.76,31.70,31.77,40.66,44.02,40.66,41.36
2022-05-13,31.09,31.20,28.78,28.87,41.32,41.32,37.04,37.61
2022-05-16,30.01,30.23,27.36,27.47,39.26,39.82,36.69,37.44
2022-05-17,27.07,27.17,25.51,26.10,37.44,37.44,33.73,33.88
2022-05-18,26.74,31.49,26.21,30.96,33.88,39.10,33.88,38.81
2022-05-19,31.24,33.11,29.06,29.35,38.82,39.83,35.98,36.15
2022-05-20,28.78,32.91,28.06,29.43,36.12,39.77,34.62,36.18
2022-05-23,28.98,30.39,28.29,28.48,36.98,37.62,34.97,35.18
2022-05-24,29.43,31.07,29.04,29.45,35.18,38.97,35.18,36.17
2022-05-25,29.33,30.23,28.16,28.37,36.16,37.31,34.83,35.38
2022-05-26,28.42,28.46,27.11,27.50,35.43,35.48,33.34,33.63
2022-05-27,27.50,27.54,25.57,25.72,33.66,33.66,31.77,32.00
2022-05-30,26.16,26.81,26.08,26.54,,,,
2022-05-31,27.47,28.35,25.94,26.19,33.89,34.92,32.40,33.01
2022-06-01,26.05,27.73,25.38,25.69,33.01,34.28,31.95,32.60
2022-06-02,25.73,26.50,24.33,24.72,32.59,33.56,30.81,31.44
2022-06-03,24.91,25.96,24.76,24.79,31.44,32.77,31.44,31.75
2022-06-06,25.37,25.81,24.82,25.07,31.47,32.87,31.33,32.16
2022-06-07,25.54,26.24,23.88,24.02,33.05,33.34,30.39,31.03
2022-06-08,24.37,24.78,23.74,23.96,31.56,31.71,30.30,30.69
2022-06-09,24.29,26.24,23.82,26.09,31.33,32.87,30.61,32.73
2022-06-10,26.26,29.63,26.05,27.75,34.46,35.52,33.45,33.97
2022-06-13,31.37,35.05,31.29,34.02,38.28,41.12,37.54,40.36
2022-06-14,33.01,34.00,32.06,32.69,39.94,40.64,38.12,38.51
2022-06-15,32.39,32.77,27.76,29.62,38.04,38.04,19.81,35.35
2022-06-16,30.35,34.82,30.35,32.95,37.78,40.53,37.11,38.67
2022-06-17,32.84,33.31,30.47,31.13,38.49,38.75,32.59,36.66
2022-06-20,32.06,32.16,30.98,31.03,,,,
2022-06-21,30.63,30.65,29.33,30.19,36.68,36.73,35.26,36.06
2022-06-22,31.45,31.57,28.78,28.95,37.17,37.17,35.25,35.94
2022-06-23,29.29,29.77,28.74,29.05,35.79,36.45,34.66,35.30
2022-06-24,29.07,29.72,26.83,27.23,34.96,35.04,33.04,33.77
2022-06-27,28.30,28.66,26.93,26.95,34.06,35.20,33.47,33.56
2022-06-28,26.90,28.68,26.47,28.36,33.57,35.78,32.92,35.43
2022-06-29,28.80,29.36,27.85,28.16,35.22,36.03,34.57,35.33
2022-06-30,29.42,30.22,28.28,28.71,36.43,37.46,35.65,36.21
2022-07-01,29.53,29.59,26.69,26.70,36.07,36.62,34.11,34.27
2022-07-04,27.96,28.10,27.46,27.53,,,,
2022-07-05,27.37,29.82,27.30,27.54,37.47,37.89,34.51,34.86
2022-07-06,27.84,28.07,26.43,26.73,35.07,35.61,33.34,33.75
2022-07-07,26.73,26.79,25.66,26.08,34.05,34.20,32.20,32.81
2022-07-08,26.41,26.61,24.43,24.64,33.11,33.18,30.68,31.18
2022-07-11,26.42,26.74,25.79,26.17,33.52,33.65,32.54,32.93
2022-07-12,27.14,27.75,25.82,27.29,33.31,34.45,32.75,33.97
2022-07-13,27.35,29.06,26.23,26.82,35.20,35.72,33.10,33.67
2022-07-14,27.47,28.45,26.20,26.40,34.49,34.91,32.38,32.64
2022-07-15,26.72,26.72,24.13,24.23,31.74,32.15,30.33,30.39
2022-07-18,24.83,25.91,24.38,25.30,31.09,32.18,30.47,31.58
2022-07-19,25.12,25.41,24.23,24.50,30.72,31.24,30.28,30.66
2022-07-20,24.23,24.73,23.40,23.88,30.79,31.07,30.08,30.58
2022-07-21,24.07,24.67,22.92,23.11,30.64,31.32,28.87,29.31
2022-07-22,23.30,23.81,22.41,23.03,29.29,29.90,28.23,29.19
2022-07-25,24.33,24.57,23.19,23.36,30.52,30.93,29.33,29.42
2022-07-26,23.95,25.31,23.82,24.69,30.26,31.87,30.26,30.91
2022-07-27,24.27,24.41,23.02,23.24,30.47,30.66,26.04,29.59
2022-07-28,23.33,23.54,22.22,22.33,29.48,30.26,27.83,28.48
2022-07-29,22.13,22.16,21.21,21.33,28.01,28.14,26.87,27.25
2022-08-01,22.41,23.27,22.26,22.84,28.55,28.97,27.95,28.75
2022-08-02,24.08,24.68,22.67,23.93,29.82,30.55,28.50,30.00
2022-08-03,23.86,23.92,21.68,21.95,29.14,29.36,27.77,27.98
2022-08-04,22.06,22.66,21.44,21.44,28.46,28.97,27.81,27.81
2022-08-05,21.50,22.58,20.76,21.15,28.84,28.87,26.82,27.13
2022-08-08,21.74,22.01,20.83,21.29,27.94,28.22,26.97,27.65
2022-08-09,21.41,22.23,21.41,21.77,28.43,28.81,28.06,28.41
2022-08-10,22.28,22.34,19.54,19.74,27.03,27.23,25.47,25.72
2022-08-11,19.84,20.85,19.71,20.20,25.77,26.87,25.58,26.13
2022-08-12,20.34,20.35,19.12,19.53,25.93,26.24,24.91,25.18
2022-08-15,20.74,21.16,19.81,19.95,26.38,26.50,25.31,25.40
2022-08-16,20.23,20.39,19.50,19.69,25.71,25.93,25.13,25.55
2022-08-17,19.74,20.63,19.41,19.90,26.39,26.87,25.70,26.33
2022-08-18,20.51,20.61,19.43,19.56,26.58,26.83,25.31,25.52
2022-08-19,20.16,21.27,20.08,20.60,26.65,27.22,26.02,26.74
2022-08-22,22.41,24.62,22.39,23.80,29.26,30.22,29.05,29.65
2022-08-23,24.13,24.21,23.07,24.11,29.83,29.97,29.05,29.69
2022-08-24,24.37,24.86,22.73,22.82,29.84,30.15,28.66,28.96
2022-08-25,22.41,23.13,21.77,21.78,28.94,29.39,27.97,28.08
2022-08-26,22.07,25.90,21.67,25.56,28.34,31.77,24.88,31.72
2022-08-29,26.86,27.67,25.47,26.21,33.16,33.23,31.72,32.30
2022-08-30,25.75,27.69,25.13,26.21,31.95,33.56,31.91,32.12
2022-08-31,25.86,26.62,25.31,25.87,32.00,32.41,31.34,32.19
2022-09-01,26.88,27.45,25.25,25.56,32.92,33.81,32.08,32.26
2022-09-02,25.51,26.28,23.19,25.47,31.03,33.01,30.17,32.32
2022-09-05,26.51,26.85,25.84,25.99,,,,
2022-09-06,25.46,27.80,25.33,26.91,32.76,34.47,32.75,33.59
2022-09-07,26.93,27.15,24.54,24.64,33.49,33.49,31.38,31.56
2022-09-08,24.70,25.90,23.56,23.61,32.23,32.38,29.80,30.48
2022-09-09,23.49,23.57,22.64,22.79,29.95,30.11,28.98,29.23
2022-09-12,23.58,24.23,23.16,23.87,29.79,30.18,29.54,29.81
2022-09-13,23.67,28.15,23.53,27.27,30.95,33.95,30.52,33.18
2022-09-14,26.73,27.56,26.16,26.16,33.16,33.64,32.34,32.57
2022-09-15,26.10,26.93,25.42,26.27,33.08,33.35,31.78,32.65
2022-09-16,27.47,28.45,26.14,26.30,34.17,34.82,32.76,32.83
2022-09-19,27.69,27.95,25.56,25.76,34.51,34.51,31.97,32.36
2022-09-20,25.65,27.81,25.61,27.16,33.34,34.05,32.72,33.30
2022-09-21,28.03,30.18,25.55,27.99,33.47,34.13,15.70,33.87
2022-09-22,28.16,28.38,26.71,27.35,33.56,34.17,32.48,32.92
2022-09-23,27.68,32.31,27.58,29.92,34.16,36.66,33.02,34.88
2022-09-26,31.74,32.88,29.83,32.26,36.48,37.12,34.89,36.93
2022-09-27,31.20,34.14,30.30,32.60,35.98,38.61,35.33,37.15
2022-09-28,34.50,34.88,30.03,30.18,37.56,38.31,33.23,35.51
2022-09-29,31.67,33.46,31.16,31.84,36.62,38.25,36.57,36.91
2022-09-30,31.61,33.25,29.39,31.62,37.67,38.14,35.25,36.61
2022-10-03,33.00,33.06,29.63,30.10,37.05,37.48,35.50,35.56
2022-10-04,29.52,29.62,28.56,29.07,34.86,34.96,33.95,34.42
2022-10-05,29.36,30.11,28.50,28.55,35.23,35.55,34.07,34.33
2022-10-06,28.60,30.74,28.56,30.52,34.59,35.96,34.47,35.84
2022-10-07,30.37,32.02,29.88,31.36,36.19,37.41,36.12,36.86
2022-10-10,32.93,33.99,32.05,32.45,38.25,39.77,38.04,38.57
2022-10-11,33.56,34.43,32.45,33.63,39.45,39.87,34.83,39.38
2022-10-12,33.54,34.53,33.11,33.57,39.85,40.20,39.11,39.51
2022-10-13,33.60,33.87,31.63,31.94,39.10,39.45,25.52,38.27
2022-10-14,31.89,32.98,31.14,32.02,37.87,39.12,35.00,37.75
2022-10-17,32.27,32.59,30.70,31.37,37.79,37.94,37.03,37.07
2022-10-18,31.10,31.93,30.42,30.50,36.63,37.24,36.09,36.11
2022-10-19,30.94,31.90,30.76,30.76,36.81,37.40,35.63,36.37
2022-10-20,31.30,31.32,29.76,29.98,36.48,36.73,34.22,35.77
2022-10-21,30.21,30.44,29.24,29.69,35.97,36.44,33.83,35.25
2022-10-24,30.65,30.95,29.78,29.85,36.13,36.67,24.37,35.50
2022-10-25,29.80,30.00,28.22,28.46,35.37,35.62,16.05,34.14
2022-10-26,28.44,28.52,27.27,27.28,34.45,34.45,28.21,33.28
2022-10-27,27.51,27.67,26.94,27.39,33.56,33.99,18.21,33.82
2022-10-28,27.43,27.59,25.75,25.75,33.22,33.26,16.81,31.86
2022-10-31,26.91,27.07,25.84,25.88,33.23,33.69,31.16,31.16
2022-11-01,25.96,26.35,25.66,25.81,31.63,32.16,31.08,31.99
2022-11-02,26.04,26.62,25.39,25.86,32.53,32.82,9.94,32.10
2022-11-03,25.98,26.87,25.10,25.30,33.12,33.19,31.68,31.79
2022-11-04,25.63,25.71,24.00,24.55,31.13,31.73,30.33,30.86
2022-11-07,25.67,25.67,24.34,24.35,31.83,32.18,28.78,30.84
2022-11-08,24.71,26.16,24.24,25.54,30.92,32.73,30.65,31.53
2022-11-09,25.34,26.35,25.02,26.09,31.86,32.62,31.41,32.49
2022-11-10,26.51,26.59,22.84,23.53,29.29,30.38,29.01,30.35
2022-11-11,23.89,23.91,22.37,22.52,30.46,30.68,28.38,28.97
2022-11-14,23.99,24.33,22.86,23.73,30.69,30.73,29.36,30.02
2022-11-15,23.77,26.22,23.18,24.54,29.64,32.21,29.37,30.30
2022-11-16,24.29,24.72,23.99,24.11,30.61,30.72,29.67,30.05
2022-11-17,24.05,25.18,23.81,23.93,31.03,31.20,29.51,30.02
2022-11-18,24.03,24.12,22.98,23.12,29.60,30.03,29.01,29.25
2022-11-21,24.05,24.12,22.30,22.36,30.23,30.33,28.65,29.00
2022-11-22,22.59,22.71,21.28,21.29,28.96,29.01,27.27,27.79
2022-11-23,21.49,21.78,20.32,20.35,28.06,28.20,26.20,26.66
2022-11-24,20.50,20.54,20.31,20.42,,,,
2022-11-25,20.61,21.11,20.46,20.50,27.18,27.54,26.76,26.79
2022-11-28,22.09,22.50,21.65,22.21,28.49,28.63,27.89,28.31
2022-11-29,22.09,22.57,21.83,21.89,28.37,29.08,27.76,28.36
2022-11-30,21.70,22.63,20.31,20.58,28.68,28.95,26.17,26.46
2022-12-01,20.83,21.06,19.80,19.84,26.82,27.33,25.49,26.09
2022-12-02,20.42,20.96,18.95,19.06,26.44,26.65,24.25,24.78
2022-12-05,20.30,21.29,19.78,20.75,26.09,26.61,25.48,26.16
2022-12-06,20.69,22.60,20.38,22.17,26.07,28.06,25.92,27.53
2022-12-07,22.32,23.01,22.18,22.68,28.07,28.63,27.85,28.11
2022-12-08,22.81,23.28,22.06,22.29,28.25,28.83,27.54,27.59
2022-12-09,22.55,23.21,22.18,22.83,28.28,28.54,27.45,27.94
2022-12-12,24.40,25.05,24.18,25.00,29.70,30.22,29.59,30.06
2022-12-13,25.24,25.84,21.46,22.55,27.76,28.47,26.24,26.91
2022-12-14,22.83,23.47,21.07,21.14,27.55,27.87,11.92,25.75
2022-12-15,21.52,23.67,21.25,22.83,26.29,28.45,26.14,27.34
2022-12-16,23.26,23.83,22.09,22.62,27.88,27.92,22.80,27.33
2022-12-19,22.63,22.86,21.61,22.42,27.64,27.78,26.65,27.41
2022-12-20,23.17,23.39,21.35,21.48,27.79,28.00,26.26,26.65
2022-12-21,21.25,21.29,19.94,20.07,26.02,26.23,25.14,25.15
2022-12-22,20.08,24.30,20.01,21.97,25.76,29.56,25.75,27.35
2022-12-23,22.17,22.64,20.78,20.87,27.53,28.33,26.12,26.33
2022-12-27,21.67,22.80,21.59,21.65,28.12,28.81,27.75,27.78
2022-12-28,21.47,22.26,20.96,22.14,28.11,28.66,27.31,28.38
2022-12-29,22.25,22.31,21.36,21.44,28.11,28.28,27.01,27.36
2022-12-30,21.83,22.40,21.59,21.67,28.20,28.64,27.16,27.60
2023-01-03,23.09,23.76,22.73,22.90,29.06,30.08,28.69,29.11
2023-01-04,22.93,23.27,21.94,22.01,29.00,29.55,5.85,28.36
2023-01-05,22.20,22.92,21.97,22.46,28.67,29.46,28.38,28.81
2023-01-06,22.69,22.90,21.00,21.13,28.45,28.79,26.47,26.96
2023-01-09,21.75,21.98,21.27,21.97,27.55,28.00,27.25,27.86
2023-01-10,22.22,22.46,20.58,20.58,28.18,28.29,26.75,26.94
2023-01-11,20.80,21.25,20.62,21.09,27.16,27.47,26.87,27.34
2023-01-12,21.56,21.80,18.83,18.83,25.87,26.40,24.54,24.76
2023-01-13,19.00,19.41,18.01,18.35,25.19,25.19,23.14,23.82
2023-01-16,19.44,19.63,19.41,19.49,,,,
2023-01-17,19.89,20.22,19.21,19.36,25.45,25.75,24.42,24.75
2023-01-18,19.28,20.58,18.71,20.34,24.51,25.79,24.26,25.51
2023-01-19,20.43,21.71,20.17,20.52,25.92,26.30,24.77,25.28
2023-01-20,20.28,20.70,19.41,19.85,25.10,25.31,24.04,24.54
2023-01-23,20.21,20.33,19.55,19.81,25.01,25.18,24.45,24.61
2023-01-24,19.89,20.47,18.91,19.20,24.97,25.48,24.08,24.55
2023-01-25,19.56,20.90,18.99,19.08,24.75,26.77,24.19,24.54
2023-01-26,19.05,19.48,18.67,18.73,24.47,25.05,24.42,25.01
2023-01-27,18.90,19.00,17.97,18.51,24.94,24.94,23.93,24.57
2023-01-30,19.76,20.25,19.54,19.94,25.90,26.56,25.74,26.25
2023-01-31,20.12,20.70,19.13,19.40,26.36,26.67,25.38,25.79
2023-02-01,19.62,20.04,17.70,17.87,26.11,26.28,23.08,24.04
2023-02-02,17.74,19.25,17.06,18.73,24.06,25.86,23.30,25.06
2023-02-03,18.57,19.30,17.93,18.33,24.31,25.74,21.95,25.40
2023-02-06,19.23,19.81,19.21,19.43,26.48,26.67,25.60,25.89
2023-02-07,19.54,19.99,18.43,18.66,26.16,26.35,20.97,25.46
2023-02-08,18.88,20.12,18.55,19.63,25.73,26.78,19.74,26.45
2023-02-09,19.24,21.08,19.02,20.71,26.13,28.44,26.09,27.64
2023-02-10,20.74,21.94,20.44,20.53,28.14,28.48,26.84,27.09
2023-02-13,21.66,21.69,20.33,20.34,28.28,28.35,26.89,27.26
2023-02-14,20.72,20.75,18.48,18.91,25.84,26.17,24.44,25.06
2023-02-15,19.37,19.41,18.11,18.23,25.13,25.21,23.64,24.09
2023-02-16,18.26,20.27,18.23,20.17,25.53,26.13,24.08,26.06
2023-02-17,20.94,21.30,19.82,20.02,26.87,27.12,25.57,25.82
2023-02-20,21.06,21.28,20.96,21.23,,,,
2023-02-21,21.80,23.34,21.80,22.87,28.49,29.21,27.97,28.57
2023-02-22,23.03,23.63,22.02,22.29,28.98,29.09,27.59,28.02
2023-02-23,21.96,22.43,20.89,21.14,27.39,28.26,26.41,26.83
2023-02-24,21.35,22.90,21.32,21.67,27.98,28.56,27.02,27.18
2023-02-27,21.99,22.02,20.68,20.95,27.08,27.20,26.43,26.65
2023-02-28,21.30,21.37,20.10,20.70,26.94,27.08,25.75,26.40
2023-03-01,20.39,21.32,20.22,20.58,26.44,27.07,25.57,26.48
2023-03-02,21.41,21.42,19.55,19.59,27.03,27.12,25.25,25.70
2023-03-03,19.76,19.76,18.16,18.49,25.44,25.44,23.94,24.36
2023-03-06,19.05,19.19,18.49,18.61,24.76,24.79,23.82,24.25
2023-03-07,18.64,19.74,18.51,19.59,24.39,25.02,23.82,24.65
2023-03-08,19.71,20.01,19.00,19.11,24.80,25.08,23.86,24.08
2023-03-09,19.33,23.14,18.88,22.61,24.33,27.26,23.96,26.55
2023-03-10,23.34,28.97,21.79,24.80,26.35,31.20,26.09,27.94
2023-03-13,24.05,30.81,23.85,26.52,31.71,32.60,27.88,29.39
2023-03-14,26.85,27.24,22.27,23.73,26.89,27.85,16.85,26.72
2023-03-15,23.21,29.91,23.19,26.14,28.85,31.38,27.72,28.69
2023-03-16,26.19,27.49,22.97,22.99,29.47,29.72,26.23,26.62
2023-03-17,22.92,26.14,22.58,25.51,27.11,29.49,26.39,28.35
2023-03-20,27.77,28.91,24.00,24.15,29.23,29.65,27.22,27.55
2023-03-21,24.16,24.16,21.29,21.38,26.22,26.50,25.31,25.68
2023-03-22,21.80,22.38,19.94,22.26,25.53,26.67,24.13,26.60
2023-03-23,21.54,24.91,20.16,22.61,25.35,28.14,24.47,26.56
2023-03-24,22.11,25.21,21.60,21.74,27.34,28.59,23.96,25.78
2023-03-27,22.05,22.93,20.57,20.60,25.85,26.11,24.68,25.07
2023-03-28,20.53,21.40,19.91,19.97,25.63,25.85,24.47,24.50
2023-03-29,19.39,19.45,19.09,19.12,23.86,24.26,23.36,23.99
2023-03-30,19.12,20.08,18.85,19.02,23.81,24.78,23.57,23.99
2023-03-31,19.21,19.43,18.52,18.70,23.96,24.08,23.06,23.60
2023-04-03,19.79,19.83,18.54,18.55,24.96,24.96,23.44,23.67
2023-04-04,18.79,20.03,18.58,19.00,23.93,25.03,23.70,24.28
2023-04-05,19.42,20.08,19.00,19.08,24.89,25.48,24.25,24.62
2023-04-06,19.30,19.88,18.35,18.40,25.24,25.50,23.50,23.86
2023-04-10,19.39,20.05,18.93,18.97,25.50,25.70,24.31,24.56
2023-04-11,19.08,19.28,18.56,19.10,24.90,24.97,24.18,24.71
2023-04-12,19.38,19.98,18.25,19.09,24.54,25.10,23.68,24.49
2023-04-13,18.83,19.06,17.77,17.80,23.97,24.23,22.79,23.28
2023-04-14,17.94,18.12,17.07,17.07,23.50,23.53,19.49,22.22
2023-04-17,17.58,17.79,16.90,16.95,23.05,23.10,21.40,21.91
2023-04-18,16.94,17.34,16.58,16.83,21.86,22.22,20.94,21.41
2023-04-19,17.30,17.72,16.17,16.46,21.75,21.89,20.82,21.24
2023-04-20,16.85,17.69,16.33,17.17,22.13,22.26,20.88,21.77
2023-04-21,17.51,17.71,16.58,16.77,21.92,22.27,21.06,21.29
2023-04-24,18.22,18.24,16.74,16.89,22.29,22.33,21.22,21.52
2023-04-25,17.62,19.86,17.33,18.76,22.43,24.05,19.82,22.97
2023-04-26,18.66,19.61,17.87,18.84,23.20,23.52,22.25,22.77
2023-04-27,18.43,18.43,16.72,17.03,21.93,21.95,20.58,21.05
2023-04-28,17.21,17.65,15.72,15.78,21.08,21.14,19.97,20.12
2023-05-01,16.41,16.62,15.53,16.08,20.77,20.78,19.73,20.19
2023-05-02,16.27,19.81,16.26,17.78,20.59,23.22,20.41,21.63
2023-05-03,17.82,18.83,17.19,18.34,21.75,22.43,12.19,22.03
2023-05-04,19.17,21.33,18.67,20.09,22.85,24.12,22.44,23.14
2023-05-05,19.50,19.63,16.69,17.19,21.57,21.57,19.90,20.36
2023-05-08,17.73,17.88,16.83,16.98,21.14,21.26,19.87,20.31
2023-05-09,17.29,17.86,17.22,17.71,21.02,21.11,20.35,20.85
2023-05-10,17.58,18.31,16.36,16.94,19.76,21.10,19.26,19.76
2023-05-11,16.80,18.19,16.63,16.93,20.35,20.84,18.85,19.40
2023-05-12,16.83,17.92,16.38,17.03,19.20,20.46,18.49,19.53
2023-05-15,17.44,18.16,17.08,17.12,20.38,20.71,19.10,19.55
2023-05-16,17.54,18.30,17.26,17.99,19.93,20.28,19.24,19.84
2023-05-17,17.96,18.26,16.68,16.87,19.43,19.95,18.35,19.16
2023-05-18,16.92,17.15,16.05,16.05,19.12,19.56,18.74,19.32
2023-05-19,16.13,17.36,15.85,16.81,19.25,20.31,19.25,19.68
2023-05-22,17.45,18.13,16.82,17.21,20.00,20.35,19.36,19.97
2023-05-23,17.35,19.31,17.30,18.53,20.39,21.57,19.76,20.99
2023-05-24,18.80,20.81,18.80,20.03,22.10,22.90,21.54,22.40
2023-05-25,19.54,19.95,18.70,19.14,22.02,22.78,21.30,21.69
2023-05-26,19.07,19.56,17.27,17.95,21.66,22.62,20.83,22.21
2023-05-29,17.53,17.60,17.34,17.46,,,,
2023-05-30,17.56,18.34,16.98,17.46,21.89,23.19,21.73,22.42
2023-05-31,18.04,18.40,17.12,17.94,22.58,22.85,21.13,22.12
2023-06-01,17.24,17.59,15.58,15.65,21.66,21.80,19.95,20.46
2023-06-02,15.65,15.65,14.42,14.60,20.20,20.29,19.26,19.29
2023-06-05,15.28,15.29,14.66,14.73,19.92,20.21,18.98,19.42
2023-06-06,14.91,14.97,13.95,13.96,18.87,19.64,18.05,18.54
2023-06-07,14.14,14.29,13.77,13.94,18.58,19.42,18.33,19.21
2023-06-08,14.14,14.21,13.53,13.65,19.32,19.58,18.14,18.66
2023-06-09,13.78,14.14,13.50,13.83,18.73,19.12,18.18,18.89
2023-06-12,14.44,15.02,14.32,15.01,19.61,20.50,19.48,20.46
2023-06-13,14.99,15.06,14.47,14.61,20.09,20.56,19.37,20.06
2023-06-14,14.48,14.73,13.83,13.88,20.02,20.69,19.25,19.72
2023-06-15,14.09,14.52,13.79,14.50,19.95,20.54,19.66,20.28
2023-06-16,14.49,14.54,13.48,13.54,20.40,20.72,19.25,19.55
2023-06-19,14.09,14.19,14.01,14.19,,,,
2023-06-20,14.36,14.67,13.86,13.88,20.54,20.63,19.47,19.95
2023-06-21,13.88,13.89,13.10,13.20,20.00,20.02,18.63,19.29
2023-06-22,13.88,13.98,12.73,12.91,19.91,20.07,18.36,18.82
2023-06-23,13.24,13.80,12.88,13.44,19.57,19.86,18.61,19.29
2023-06-26,14.43,14.71,13.78,14.25,20.60,20.62,13.67,20.37
2023-06-27,14.11,14.34,13.59,13.74,20.47,20.59,19.65,20.08
2023-06-28,13.90,13.96,13.36,13.43,20.40,20.42,19.55,20.02
2023-06-29,13.64,13.85,13.41,13.54,20.13,20.58,19.47,19.98
2023-06-30,13.51,13.59,12.96,13.59,20.00,20.14,19.00,19.55
2023-07-03,13.85,13.85,13.47,13.57,20.17,20.17,19.40,19.87
2023-07-04,13.54,13.71,13.52,13.70,,,,
2023-07-05,14.19,14.74,14.05,14.18,19.87,20.55,19.52,19.91
2023-07-06,14.85,17.08,14.79,15.44,20.67,21.86,20.44,21.11
2023-07-07,15.97,16.06,14.33,14.83,20.78,21.12,19.79,20.60
2023-07-10,16.08,16.21,15.04,15.07,21.15,21.51,20.60,21.08
2023-07-11,15.02,15.25,14.63,14.84,21.11,21.21,20.41,20.90
2023-07-12,14.82,14.82,13.51,13.54,20.36,20.44,18.91,19.48
2023-07-13,13.44,13.61,13.12,13.61,19.36,19.86,18.79,19.78
2023-07-14,13.72,13.76,13.22,13.34,19.89,20.20,18.87,19.65
2023-07-17,13.78,14.00,13.43,13.48,20.07,20.23,19.03,19.43
2023-07-18,13.61,13.67,13.29,13.30,19.27,19.53,18.76,19.29
2023-07-19,13.32,13.84,13.12,13.76,19.27,19.80,19.06,19.68
2023-07-20,13.96,14.23,13.58,13.99,20.09,20.73,19.41,20.20
2023-07-21,13.87,13.89,13.37,13.60,20.19,20.30,18.99,19.61
2023-07-24,14.29,14.30,13.73,13.91,20.21,20.40,19.47,19.83
2023-07-25,14.02,14.09,13.82,13.86,20.12,20.15,14.86,19.71
2023-07-26,13.86,14.16,13.15,13.19,19.87,19.91,18.41,18.99
2023-07-27,13.14,15.02,12.74,14.41,18.61,20.53,18.15,19.83
2023-07-28,14.03,14.18,13.27,13.33,19.28,19.57,18.42,18.92
2023-07-31,13.98,14.09,13.57,13.63,19.20,19.78,18.88,19.32
2023-08-01,13.75,14.30,13.75,13.93,19.80,19.85,19.02,19.67
2023-08-02,15.70,16.48,14.95,16.09,20.77,22.55,20.76,22.13
2023-08-03,16.77,17.42,15.72,15.92,22.66,23.31,21.73,22.08
2023-08-04,16.01,17.39,14.57,17.10,21.52,22.20,19.98,22.02
2023-08-07,16.90,17.36,15.77,15.77,21.60,22.14,20.69,20.82
2023-08-08,16.28,18.14,15.96,15.99,21.54,22.82,20.87,21.07
2023-08-09,15.81,16.87,15.38,15.96,20.97,22.09,20.80,21.50
2023-08-10,15.58,16.86,14.60,15.85,20.93,21.62,18.31,21.03
2023-08-11,15.53,16.51,14.84,14.84,21.66,21.92,20.33,20.45
2023-08-14,15.88,16.06,14.77,14.82,21.90,21.94,19.74,20.20
2023-08-15,14.95,16.57,14.91,16.46,20.82,21.52,20.20,21.37
2023-08-16,16.54,16.93,15.80,16.78,21.34,22.13,20.86,22.08
2023-08-17,16.96,18.13,16.40,17.89,21.79,23.12,21.63,22.71
2023-08-18,17.80,18.88,17.14,17.30,23.33,23.54,21.32,22.01
2023-08-21,18.03,18.11,16.88,17.13,22.54,22.60,21.50,21.89
2023-08-22,16.96,17.58,16.61,16.97,21.76,22.30,21.61,21.82
2023-08-23,16.64,17.10,15.91,15.98,21.74,21.80,20.89,21.36
2023-08-24,15.57,17.32,15.48,17.20,20.85,22.63,20.84,22.58
2023-08-25,17.21,17.36,15.45,15.68,22.20,22.92,19.19,20.88
2023-08-28,16.24,16.28,15.00,15.08,21.32,21.47,19.98,20.39
2023-08-29,15.08,15.30,14.34,14.45,20.52,20.56,15.70,19.33
2023-08-30,14.53,14.70,13.83,13.88,19.38,19.65,18.36,19.07
2023-08-31,13.98,14.00,13.44,13.57,19.04,19.22,17.96,18.74
